{"accuracy": [0.598662793636322, 0.8622519373893738, 0.9153140187263489, 0.9389714598655701, 0.955743670463562, 0.965303361415863, 0.971278190612793, 0.9760722517967224, 0.9793157577514648, 0.9810939431190491], "loss": [1.375166416168213, 0.4369817078113556, 0.2623710036277771, 0.18736298382282257, 0.1348082572221756, 0.10613442957401276, 0.08867090195417404, 0.0730757936835289, 0.06400950253009796, 0.05826324224472046], "val_accuracy": [0.8320623636245728, 0.908604621887207, 0.9263032078742981, 0.9519690275192261, 0.9424653053283691, 0.9570339322090149, 0.9372866153717041, 0.9640336632728577, 0.9558388590812683, 0.9685863852500916], "val_loss": [0.5279682278633118, 0.2762901186943054, 0.2215711921453476, 0.15051448345184326, 0.19253790378570557, 0.13309578597545624, 0.2212754189968109, 0.11421646922826767, 0.1485142558813095, 0.10442132502794266]}